Year,median,mean
2023,10000.0,289258.74074074073
2024,4251.0,303638.86151079135
